"Apple iPad Air 11″ with M3 chip: Built for Apple Intelligence, Liquid Retina Display, 128GB, 12MP Front/Back Camera, Wi-Fi 6E, Touch ID, All-Day Battery Life — Space Gray",47999.0,20000,INR,https://www.amazon.in/Apple-iPad-Air-11%E2%80%B3-chip/dp/B0DZ7CWS6C
"Samsung Galaxy Tab S10 Lite with AI, S Pen in-Box, 27.7 cm (10.9 inch) TFT LCD Display, 6 GB RAM, 128 GB Storage, Wi-Fi Tablet, Gray",30999.0,10000,INR,https://www.amazon.in/Samsung-Galaxy-Display-Storage-Tablet/dp/B0FNWNZZ1B/ref=pd_sbs_d_sccl_1_7/523-5469694-8254767?psc=1
"Apple iPad Air 11″ with M3 chip: Built for Apple Intelligence, Liquid Retina Display, 128GB, 12MP Front/Back Camera, Wi-Fi 6E, Touch ID, All-Day Battery Life — Space Gray",47999.0,120,INR,https://www.amazon.in/Apple-iPad-Air-11%E2%80%B3-chip/dp/B0DZ7CWS6C
"Apple iPad Air 11″ with M3 chip: Built for Apple Intelligence, Liquid Retina Display, 128GB, 12MP Front/Back Camera, Wi-Fi 6E, Touch ID, All-Day Battery Life — Space Gray",47999.0,120,INR,https://www.amazon.in/Apple-iPad-Air-11%E2%80%B3-chip/dp/B0DZ7CWS6C
"Apple iPad Air 11″ with M3 chip: Built for Apple Intelligence, Liquid Retina Display, 128GB, 12MP Front/Back Camera, Wi-Fi 6E, Touch ID, All-Day Battery Life — Space Gray",47999.0,120,INR,https://www.amazon.in/Apple-iPad-Air-11%E2%80%B3-chip/dp/B0DZ7CWS6C
"Apple iPad Air 11″ with M3 chip: Built for Apple Intelligence, Liquid Retina Display, 128GB, 12MP Front/Back Camera, Wi-Fi 6E, Touch ID, All-Day Battery Life — Space Gray",47999.0,120,INR,https://www.amazon.in/Apple-iPad-Air-11%E2%80%B3-chip/dp/B0DZ7CWS6C
"Apple iPad Air 11″ with M3 chip: Built for Apple Intelligence, Liquid Retina Display, 128GB, 12MP Front/Back Camera, Wi-Fi 6E, Touch ID, All-Day Battery Life — Space Gray",47999.0,120,INR,https://www.amazon.in/Apple-iPad-Air-11%E2%80%B3-chip/dp/B0DZ7CWS6C
"Apple iPad Air 11″ with M3 chip: Built for Apple Intelligence, Liquid Retina Display, 128GB, 12MP Front/Back Camera, Wi-Fi 6E, Touch ID, All-Day Battery Life — Space Gray",47999.0,120,INR,https://www.amazon.in/Apple-iPad-Air-11%E2%80%B3-chip/dp/B0DZ7CWS6C
"Apple iPad Air 11″ with M3 chip: Built for Apple Intelligence, Liquid Retina Display, 128GB, 12MP Front/Back Camera, Wi-Fi 6E, Touch ID, All-Day Battery Life — Space Gray",47999.0,120,INR,https://www.amazon.in/Apple-iPad-Air-11%E2%80%B3-chip/dp/B0DZ7CWS6C
"Apple iPad Air 11″ with M3 chip: Built for Apple Intelligence, Liquid Retina Display, 128GB, 12MP Front/Back Camera, Wi-Fi 6E, Touch ID, All-Day Battery Life — Space Gray",47999.0,120,INR,https://www.amazon.in/Apple-iPad-Air-11%E2%80%B3-chip/dp/B0DZ7CWS6C
"Apple iPad Air 11″ with M3 chip: Built for Apple Intelligence, Liquid Retina Display, 128GB, 12MP Front/Back Camera, Wi-Fi 6E, Touch ID, All-Day Battery Life — Space Gray",47999.0,120,INR,https://www.amazon.in/Apple-iPad-Air-11%E2%80%B3-chip/dp/B0DZ7CWS6C
"Apple iPad Air 11″ with M3 chip: Built for Apple Intelligence, Liquid Retina Display, 128GB, 12MP Front/Back Camera, Wi-Fi 6E, Touch ID, All-Day Battery Life — Space Gray",47999.0,120,INR,https://www.amazon.in/Apple-iPad-Air-11%E2%80%B3-chip/dp/B0DZ7CWS6C
"Apple iPad Air 11″ with M3 chip: Built for Apple Intelligence, Liquid Retina Display, 128GB, 12MP Front/Back Camera, Wi-Fi 6E, Touch ID, All-Day Battery Life — Space Gray",47999.0,120,INR,https://www.amazon.in/Apple-iPad-Air-11%E2%80%B3-chip/dp/B0DZ7CWS6C
"Apple iPad Air 11″ with M3 chip: Built for Apple Intelligence, Liquid Retina Display, 128GB, 12MP Front/Back Camera, Wi-Fi 6E, Touch ID, All-Day Battery Life — Space Gray",47999.0,120,INR,https://www.amazon.in/Apple-iPad-Air-11%E2%80%B3-chip/dp/B0DZ7CWS6C
"Apple iPad Air 11″ with M3 chip: Built for Apple Intelligence, Liquid Retina Display, 128GB, 12MP Front/Back Camera, Wi-Fi 6E, Touch ID, All-Day Battery Life — Space Gray",47999.0,120,INR,https://www.amazon.in/Apple-iPad-Air-11%E2%80%B3-chip/dp/B0DZ7CWS6C
"Apple iPad Air 11″ with M3 chip: Built for Apple Intelligence, Liquid Retina Display, 128GB, 12MP Front/Back Camera, Wi-Fi 6E, Touch ID, All-Day Battery Life — Space Gray",47999.0,120,INR,https://www.amazon.in/Apple-iPad-Air-11%E2%80%B3-chip/dp/B0DZ7CWS6C
"Apple iPad Air 11″ with M3 chip: Built for Apple Intelligence, Liquid Retina Display, 128GB, 12MP Front/Back Camera, Wi-Fi 6E, Touch ID, All-Day Battery Life — Space Gray",47999.0,120,INR,https://www.amazon.in/Apple-iPad-Air-11%E2%80%B3-chip/dp/B0DZ7CWS6C
"Apple iPad Air 11″ with M3 chip: Built for Apple Intelligence, Liquid Retina Display, 128GB, 12MP Front/Back Camera, Wi-Fi 6E, Touch ID, All-Day Battery Life — Space Gray",47999.0,120,INR,https://www.amazon.in/Apple-iPad-Air-11%E2%80%B3-chip/dp/B0DZ7CWS6C
"Apple iPad Air 11″ with M3 chip: Built for Apple Intelligence, Liquid Retina Display, 128GB, 12MP Front/Back Camera, Wi-Fi 6E, Touch ID, All-Day Battery Life — Space Gray",47999.0,120,INR,https://www.amazon.in/Apple-iPad-Air-11%E2%80%B3-chip/dp/B0DZ7CWS6C
"Apple iPad Air 11″ with M3 chip: Built for Apple Intelligence, Liquid Retina Display, 128GB, 12MP Front/Back Camera, Wi-Fi 6E, Touch ID, All-Day Battery Life — Space Gray",47999.0,120,INR,https://www.amazon.in/Apple-iPad-Air-11%E2%80%B3-chip/dp/B0DZ7CWS6C
"Apple iPad Air 11″ with M3 chip: Built for Apple Intelligence, Liquid Retina Display, 128GB, 12MP Front/Back Camera, Wi-Fi 6E, Touch ID, All-Day Battery Life — Space Gray",47999.0,120,INR,https://www.amazon.in/Apple-iPad-Air-11%E2%80%B3-chip/dp/B0DZ7CWS6C
"Apple iPad Air 11″ with M3 chip: Built for Apple Intelligence, Liquid Retina Display, 128GB, 12MP Front/Back Camera, Wi-Fi 6E, Touch ID, All-Day Battery Life — Space Gray",47999.0,120,INR,https://www.amazon.in/Apple-iPad-Air-11%E2%80%B3-chip/dp/B0DZ7CWS6C
"Apple iPad Air 11″ with M3 chip: Built for Apple Intelligence, Liquid Retina Display, 128GB, 12MP Front/Back Camera, Wi-Fi 6E, Touch ID, All-Day Battery Life — Space Gray",47999.0,120,INR,https://www.amazon.in/Apple-iPad-Air-11%E2%80%B3-chip/dp/B0DZ7CWS6C
"Apple iPad Air 11″ with M3 chip: Built for Apple Intelligence, Liquid Retina Display, 128GB, 12MP Front/Back Camera, Wi-Fi 6E, Touch ID, All-Day Battery Life — Space Gray",47999.0,120,INR,https://www.amazon.in/Apple-iPad-Air-11%E2%80%B3-chip/dp/B0DZ7CWS6C
"Apple iPad Air 11″ with M3 chip: Built for Apple Intelligence, Liquid Retina Display, 128GB, 12MP Front/Back Camera, Wi-Fi 6E, Touch ID, All-Day Battery Life — Space Gray",47999.0,120,INR,https://www.amazon.in/Apple-iPad-Air-11%E2%80%B3-chip/dp/B0DZ7CWS6C
"Apple iPad Air 11″ with M3 chip: Built for Apple Intelligence, Liquid Retina Display, 128GB, 12MP Front/Back Camera, Wi-Fi 6E, Touch ID, All-Day Battery Life — Space Gray",47999.0,120,INR,https://www.amazon.in/Apple-iPad-Air-11%E2%80%B3-chip/dp/B0DZ7CWS6C
"Apple iPad Air 11″ with M3 chip: Built for Apple Intelligence, Liquid Retina Display, 128GB, 12MP Front/Back Camera, Wi-Fi 6E, Touch ID, All-Day Battery Life — Space Gray",47999.0,12000.0,INR,https://www.amazon.in/Apple-iPad-Air-11%E2%80%B3-chip/dp/B0DZ7CWS6C
"Apple iPad Air 11″ with M3 chip: Built for Apple Intelligence, Liquid Retina Display, 128GB, 12MP Front/Back Camera, Wi-Fi 6E, Touch ID, All-Day Battery Life — Space Gray",47999.0,37000.0,INR,https://www.amazon.in/Apple-iPad-Air-11%E2%80%B3-chip/dp/B0DZ7CWS6C
"Apple iPad Air 11″ with M3 chip: Built for Apple Intelligence, Liquid Retina Display, 128GB, 12MP Front/Back Camera, Wi-Fi 6E, Touch ID, All-Day Battery Life — Space Gray",47999.0,50000.0,INR,https://www.amazon.in/Apple-iPad-Air-11%E2%80%B3-chip/dp/B0DZ7CWS6C
Unknown Product,0.0,2432543.0,INR,https://www.amazon.in/Apple-iPad-Air-11%E2%80%B3-chip/dp/B0DZ7CWS6C
Unknown Product,0.0,2432543.0,INR,https://www.amazon.in/Apple-iPad-Air-11%E2%80%B3-chip/dp/B0DZ7CWS6C
"Instant Pot 4QT VORTEX 6-in-1 Mini Air Fryer, Air fry, Bake, Roast, Broil, Dehydrate or Reheat, Sea Salt, 4 Quarts",46.0,10.0,INR,https://www.amazon.com/Instant-Pot-VORTEX-Dehydrate-Reheat/dp/B0F9B3ZV61
